model,config,mean_time,std_time,median_throughput,mean_throughput,std_throughput,memory_gb,params_b
GPT-2,Baseline (FP32),1.0585546493530273,0.058170535286678024,96.19766968886502,94.73497066153121,4.856480034770458,0.510342192,0.124439808
GPT-2,FP16,1.0062091052532196,0.022749372038644942,99.64327531780802,99.43347284457943,2.236250667201877,0.261462552,0.124439808
GPT-2,INT8,3.056770622730255,0.01602248583494164,32.737801606872964,32.71515663312495,0.17037081593651798,0.176527896,0.124439808
Mistral-7B,Baseline (FP16),3.7461322247982025,0.022236950975683477,26.662053425298488,26.695144405307634,0.15922921037231796,14.483464448,7.241732096
Mistral-7B,FlashAttention-2,4.910948574542999,0.02245231167160519,20.397650877043866,20.363089918892655,0.09297124473927978,14.483464448,7.241732096
Mistral-7B,4-bit (NF4),5.336895823478699,0.023603476801876227,18.737595166039924,18.737850790925826,0.08293911471597563,4.014481664,7.241732096
